63.0,M,gold,0,0,N,4880,HOUSEHOLD PAYMENT,24241.07307692308,22470.87999999999
56.0,M,classic,0,0,N,3629,HOUSEHOLD PAYMENT,15868.692307692305,15553
30.0,M,gold,0,0,N,3892,HOUSEHOLD PAYMENT,25726.08307692307,24758.56190476192
63.0,M,classic,0,0,N,1479,LEASING,34318.32031249999,29945.809523809523
19.0,F,junior,0,0,N,6589,HOUSEHOLD PAYMENT,26385.93999999999,25749.259259259266
38.0,M,classic,0,0,N,6268,HOUSEHOLD PAYMENT,24387.219230769228,22526.07999999999
18.0,M,junior,0,0,N,2074,HOUSEHOLD PAYMENT,22196.321874999994,19743.85806451612
31.0,F,classic,0,0,N,686,HOUSEHOLD PAYMENT,26177.648148148142,25025.023076923066
42.0,F,classic,0,0,N,4471.3,LEASING,49012.870491803274,44936.666666666664
29.0,F,gold,0,0,N,1705,HOUSEHOLD PAYMENT,38190.27551020408,33504.4375
20.0,F,junior,0,0,N,968,HOUSEHOLD PAYMENT,23839.356896551722,23448.425000000007
52.0,F,classic,0,0,N,6061,HOUSEHOLD PAYMENT,21181.44999999999,20855.503333333334
29.0,F,classic,0,0,N,4422.1,LEASING,48131.69014084509,40280.15714285719
56.0,M,classic,102876,12,A,1436,HOUSEHOLD PAYMENT,20028.756249999995,19611.206666666658
48.0,F,classic,352704,48,C,7348,LOAN PAYMENT,14193.927777777779,15616.68
25.0,F,classic,0,0,N,3735,HOUSEHOLD PAYMENT,19197.183999999997,18263.620408163253
56.0,M,classic,0,0,N,4803,HOUSEHOLD PAYMENT,17280.445652173912,17161.023255813943
45.0,M,classic,162576,36,C,3050,HOUSEHOLD PAYMENT,25054.64333333333,24205.657142857137
26.0,F,classic,0,0,N,5110,HOUSEHOLD PAYMENT,9065.565714285714,8969.916417910437
53.0,F,classic,88440,12,A,7370.2,LOAN PAYMENT,40164.240625000006,34382.012903225805
27.0,M,classic,0,0,N,8694,HOUSEHOLD PAYMENT,23368.273913043482,20124.55454545454
58.0,F,classic,0,0,N,4221,HOUSEHOLD PAYMENT,24213.790769230767,23955.260317460332
21.0,F,junior,0,0,N,6780,HOUSEHOLD PAYMENT,11972.151612903222,11677.413793103447
62.0,M,classic,0,0,N,6526,HOUSEHOLD PAYMENT,21109.03888888889,18491.399999999998
57.0,M,classic,0,0,N,4420.9,LEASING,46472.609090909085,37101.59999999999
37.0,M,classic,0,0,N,6260,HOUSEHOLD PAYMENT,15564.926086956526,14693.723809523814
37.0,F,classic,0,0,N,1270,HOUSEHOLD PAYMENT,14804.220967741934,14065.476666666655
35.0,M,classic,0,0,N,2394,LEASING,41230.444444444445,44390.70666666666
47.0,F,classic,0,0,N,13841,HOUSEHOLD PAYMENT,53573.01944444445,44951.91549295775
35.0,F,classic,0,0,N,5625,HOUSEHOLD PAYMENT,25961.04390243902,25695.274999999987
20.0,M,junior,0,0,N,2336,HOUSEHOLD PAYMENT,19196.590000000004,18953.063157894725
31.0,M,classic,0,0,N,3440.9,LEASING,37110.95571428572,31943.976811594242
54.0,F,classic,109344,12,C,8928,HOUSEHOLD PAYMENT,21251.986956521738,21158.295238095234
26.0,F,classic,0,0,N,9381,HOUSEHOLD PAYMENT,47828.560869565204,44160.53333333336
29.0,F,classic,0,0,N,3643,HOUSEHOLD PAYMENT,23616.69285714286,19144.676923076924
59.0,M,classic,0,0,N,2190,HOUSEHOLD PAYMENT,5236.647887323942,4701.573529411766
55.0,F,classic,0,0,N,4975.2,LEASING,54521.307142857135,46438.99272727277
31.0,F,gold,0,0,N,5462,HOUSEHOLD PAYMENT,25584.25,24230.15319148935
27.0,M,classic,160920,36,C,4470.5,LOAN PAYMENT,30204.02307692308,26390.274999999998
29.0,M,classic,0,0,N,2682.3,LEASING,29794.253571428562,24814.545454545456
31.0,F,classic,0,0,N,3362,HOUSEHOLD PAYMENT,22917.784848484844,20607.64999999999
32.0,M,classic,0,0,N,5578,HOUSEHOLD PAYMENT,13210.414814814816,11848.904000000004
39.0,M,classic,0,0,N,9848,HOUSEHOLD PAYMENT,24961.194117647057,25449.39999999999
39.0,F,classic,0,0,N,5842,HOUSEHOLD PAYMENT,16889.774999999998,15356.80909090909
68.0,M,classic,0,0,N,1628,HOUSEHOLD PAYMENT,6936.302985074627,6213.91428571428
42.0,F,classic,112752,36,C,3803,HOUSEHOLD PAYMENT,16990.29,16687.478571428564
20.0,M,junior,0,0,N,4777,HOUSEHOLD PAYMENT,18252.923529411768,15309.825000000003
55.0,M,classic,0,0,N,792,HOUSEHOLD PAYMENT,25394.31851851852,23481.176923076913
51.0,F,classic,468060,60,C,7801.2,LOAN PAYMENT,51428.43571428572,43807.75555555554
55.0,F,classic,0,0,N,4188,HOUSEHOLD PAYMENT,19827.98529411765,18720.64999999999
30.0,F,classic,0,0,N,1941,HOUSEHOLD PAYMENT,25534.29154929578,25767.57971014495
52.0,M,classic,0,0,N,6384,HOUSEHOLD PAYMENT,15623.115000000002,14590.16666666667
29.0,M,classic,0,0,N,6452,HOUSEHOLD PAYMENT,12252.11612903226,11292.310344827587
39.0,F,classic,0,0,N,2304.1,LEASING,53099.24999999999,51566.42857142857
51.0,F,classic,0,0,N,4711,HOUSEHOLD PAYMENT,19871.24705882353,17143.14666666667
28.0,F,classic,0,0,N,6524,HOUSEHOLD PAYMENT,13126.395744680856,11489.035555555547
21.0,M,classic,0,0,N,4977,HOUSEHOLD PAYMENT,66200.82,54444.35882352945
59.0,F,classic,0,0,N,1407,HOUSEHOLD PAYMENT,15768.483333333332,14907.51428571428
49.0,M,classic,0,0,N,302,HOUSEHOLD PAYMENT,27086.368085106384,27567.49333333333
54.0,M,classic,0,0,N,3090.5,LEASING,32280.196428571428,28687.316666666655
76.0,F,classic,0,0,N,2401,HOUSEHOLD PAYMENT,5668.280303030301,4758.967741935485
58.0,M,classic,0,0,N,1563,HOUSEHOLD PAYMENT,35299.23111111111,27531.281818181804
48.0,M,classic,0,0,N,1339,LEASING,36215.931818181816,31978.623809523808
56.0,F,classic,0,0,N,5042,HOUSEHOLD PAYMENT,14824.315151515155,13961.812499999985
47.0,F,classic,0,0,N,8499,HOUSEHOLD PAYMENT,20505.65915492957,20097.066666666673
45.0,M,classic,0,0,N,8727,HOUSEHOLD PAYMENT,31888.64166666667,21182.55999999999
19.0,M,junior,0,0,N,9316,HOUSEHOLD PAYMENT,22421.982926829267,22713.51282051281
22.0,M,classic,0,0,N,4591,HOUSEHOLD PAYMENT,24735.604347826087,24558.390476190467
24.0,F,classic,0,0,N,8166,HOUSEHOLD PAYMENT,24969.16481481481,24258.74615384615
18.0,M,junior,0,0,N,6482,HOUSEHOLD PAYMENT,20344.561538461538,20470.14999999999
22.0,M,junior,0,0,N,4473,LEASING,48918.05573770491,45405.75
63.0,M,classic,0,0,N,6941,HOUSEHOLD PAYMENT,25981.592537313427,25625.342424242444
61.0,M,gold,0,0,N,4783.1,LEASING,51420.03888888889,45564.276056338094
23.0,F,gold,0,0,N,3735,HOUSEHOLD PAYMENT,24424.50294117647,23248.14999999999
52.0,F,classic,0,0,N,4695,HOUSEHOLD PAYMENT,11631.251162790697,10982.36097560975
28.0,M,classic,0,0,N,8137,HOUSEHOLD PAYMENT,25459.99814814814,24199.18490566038
38.0,F,classic,0,0,N,5608,HOUSEHOLD PAYMENT,17724.916176470586,17343.002985074618
49.0,M,classic,0,0,N,9090,HOUSEHOLD PAYMENT,21488.528125,20503.85806451612
44.0,F,classic,0,0,N,2629.6,LEASING,31231.214285714294,26637.253731343328
55.0,M,classic,0,0,N,3405,HOUSEHOLD PAYMENT,23335.85362318841,23337.310447761207
28.0,F,classic,0,0,N,7175,HOUSEHOLD PAYMENT,16186.186206896553,15475.940740740734
26.0,M,classic,0,0,N,3011,HOUSEHOLD PAYMENT,18349.673333333332,17696.428571428565
49.0,F,classic,0,0,N,9449,HOUSEHOLD PAYMENT,22970.091666666664,21911.12727272727
18.0,M,junior,0,0,N,4234,HOUSEHOLD PAYMENT,67565.47435897437,57096.9368421053
76.0,F,classic,0,0,N,1848,HOUSEHOLD PAYMENT,6250.304166666665,4142.97
60.0,M,classic,0,0,N,3030,HOUSEHOLD PAYMENT,21652.989230769235,22020.08571428572
56.0,M,classic,91152,24,A,3798.2,LOAN PAYMENT,26170.529545454556,16925.851162790696
53.0,M,classic,0,0,N,1067,HOUSEHOLD PAYMENT,15046.953846153845,14904
44.0,M,classic,0,0,N,2249,LEASING,16548.925925925923,15048.076923076924
62.0,M,gold,0,0,N,5120,HOUSEHOLD PAYMENT,12983.759615384615,11893.43199999999
57.0,M,classic,0,0,N,5746,HOUSEHOLD PAYMENT,21718.5619047619,21327.105263157893
44.0,F,classic,0,0,N,7781,HOUSEHOLD PAYMENT,13758.091304347825,12192.676190476193
24.0,M,classic,0,0,N,5952,HOUSEHOLD PAYMENT,18330.263636363637,17795.28
28.0,F,classic,0,0,N,4361,HOUSEHOLD PAYMENT,14179.722580645164,12945.02068965517
42.0,M,classic,0,0,N,7140,HOUSEHOLD PAYMENT,25858.671428571426,24220.11666666667
47.0,F,classic,0,0,N,747,HOUSEHOLD PAYMENT,27465.803703703703,27228.73846153845
21.0,M,classic,0,0,N,3330,HOUSEHOLD PAYMENT,25531.64210526316,25799.399999999994
58.0,M,classic,0,0,N,9240,HOUSEHOLD PAYMENT,21676.56129032259,20581.626666666656
20.0,M,junior,0,0,N,1899,HOUSEHOLD PAYMENT,25568.658571428576,25076.600000000024
48.0,F,classic,0,0,N,1234,HOUSEHOLD PAYMENT,18093.961111111108,16825.0588235294
50.0,M,classic,0,0,N,4149,HOUSEHOLD PAYMENT,11328.012499999999,9641.447368421048
58.0,F,classic,12540,12,A,3936,HOUSEHOLD PAYMENT,16971.426470588234,15496.649999999992
35.0,M,classic,0,0,N,4586,HOUSEHOLD PAYMENT,17374.723076923077,16893.16363636364
53.0,F,classic,102240,60,C,6358,HOUSEHOLD PAYMENT,12864.734146341463,12118.357894736835
40.0,F,classic,0,0,N,4853,HOUSEHOLD PAYMENT,15513.722222222223,15435.262500000003
40.0,M,classic,0,0,N,8578,HOUSEHOLD PAYMENT,24594.963333333333,24776.442857142847
39.0,F,classic,0,0,N,3847.2,LEASING,32159.11111111112,26782.380952380954
20.0,M,junior,0,0,N,3847.2,LEASING,37651.46666666666,32209.337499999987
76.0,M,classic,0,0,N,1299,HOUSEHOLD PAYMENT,6587.907142857143,3284.3454545454542
30.0,F,classic,0,0,N,6561,HOUSEHOLD PAYMENT,22067.21159420291,22362.131343283592
42.0,F,classic,76944,12,A,6412,LOAN PAYMENT,41559.24705882354,39380.15333333332
50.0,M,gold,0,0,N,970,HOUSEHOLD PAYMENT,25221.73432835821,25014.101538461553
25.0,F,classic,0,0,N,5504,HOUSEHOLD PAYMENT,25248.84117647059,25043.14999999999
21.0,M,junior,0,0,N,6615,HOUSEHOLD PAYMENT,18364.317187499997,18630.029508196712
50.0,M,classic,0,0,N,810,HOUSEHOLD PAYMENT,8726.325757575758,7903.587301587293
47.0,F,gold,0,0,N,2277,HOUSEHOLD PAYMENT,20933.33125,18704.632258064506
47.0,M,classic,208128,48,B,4335.8,LOAN PAYMENT,27930.427941176466,24776.64242424243
32.0,F,classic,0,0,N,2342,HOUSEHOLD PAYMENT,9836.857142857143,8524.481250000004
19.0,M,junior,0,0,N,12579,HOUSEHOLD PAYMENT,24600.32325581395,19853.951219512193
50.0,M,classic,53076,12,A,9235,HOUSEHOLD PAYMENT,18354.21176470588,18196.69999999999
18.0,F,junior,0,0,N,8852,HOUSEHOLD PAYMENT,14714.42608695652,14460.854545454546
59.0,M,classic,0,0,N,4254,HOUSEHOLD PAYMENT,26388.891666666666,26074.678260869558
53.0,M,classic,0,0,N,1640,HOUSEHOLD PAYMENT,50259.329824561406,44956.01071428575
52.0,F,classic,0,0,N,9651,HOUSEHOLD PAYMENT,25097.6,21084.183333333334
21.0,F,classic,187104,24,A,7795.5,LOAN PAYMENT,43570.67647058825,37185.76874999999
58.0,F,classic,0,0,N,4673,HOUSEHOLD PAYMENT,17768.232352941173,18048.993749999994
51.0,M,classic,0,0,N,6608,HOUSEHOLD PAYMENT,15915.058620689655,15202.05714285713
30.0,F,classic,0,0,N,3625,HOUSEHOLD PAYMENT,14331.729411764709,13895.387499999995
18.0,F,junior,0,0,N,3122,HOUSEHOLD PAYMENT,48432.40704225354,44110.77142857143
38.0,M,classic,0,0,N,4433.3,LEASING,43774.15735294117,35395.38805970153
56.0,M,classic,0,0,N,5168,HOUSEHOLD PAYMENT,27411.81071428571,27737.325925925914
35.0,M,classic,0,0,N,2115,HOUSEHOLD PAYMENT,7555.799999999999,6859.158620689657
59.0,M,classic,0,0,N,3943,HOUSEHOLD PAYMENT,25120.270967741937,16756.551724137924
38.0,M,classic,0,0,N,1690.1,LEASING,18874.86,15490.321739130433
23.0,M,classic,0,0,N,3306,HOUSEHOLD PAYMENT,12920.502857142857,12053.808823529398
58.0,M,classic,0,0,N,872,HOUSEHOLD PAYMENT,22747.107462686567,22087.609230769238
46.0,M,gold,0,0,N,9034,HOUSEHOLD PAYMENT,20294.159701492532,19473.82461538461
48.0,F,classic,0,0,N,2910,HOUSEHOLD PAYMENT,35172.61884057972,29226.81176470591
50.0,F,classic,0,0,N,9600,HOUSEHOLD PAYMENT,21570.29655172415,17092.969230769224
40.0,F,gold,284280,60,C,4738,LOAN PAYMENT,41410.68400000001,34637.15102040818
52.0,M,classic,0,0,N,8215,HOUSEHOLD PAYMENT,10459.337931034488,10557.558333333334
33.0,M,classic,0,0,N,8910,HOUSEHOLD PAYMENT,23271,22645.895238095243
40.0,F,classic,189060,60,C,3151,LOAN PAYMENT,44657.942,34881.9375
56.0,F,classic,0,0,N,6824,HOUSEHOLD PAYMENT,19719.641379310353,17643.691666666666
57.0,F,classic,0,0,N,5260,HOUSEHOLD PAYMENT,18453.01666666667,16012.200000000003
68.0,F,gold,0,0,N,2062,HOUSEHOLD PAYMENT,6650.456923076922,5833.989999999996
52.0,F,classic,0,0,N,1069,HOUSEHOLD PAYMENT,24915.395652173916,23674.38636363635
59.0,F,classic,0,0,N,7538,HOUSEHOLD PAYMENT,21053.935897435895,19854.227027027016
32.0,F,classic,108720,60,C,1812.3,LOAN PAYMENT,24858.92692307693,21446.354545454546
18.0,F,junior,0,0,N,7641,HOUSEHOLD PAYMENT,26981.766129032258,27057.20000000002
32.0,M,classic,0,0,N,7521,HOUSEHOLD PAYMENT,48323.99756097561,40069.170731707316
45.0,F,gold,0,0,N,2619,HOUSEHOLD PAYMENT,23048.807812499985,21866.754838709683
43.0,F,classic,0,0,N,8127,HOUSEHOLD PAYMENT,21574.43888888889,21380.037142857156
33.0,F,classic,0,0,N,8099,HOUSEHOLD PAYMENT,19471.8625,18246.328571428574
54.0,F,classic,0,0,N,2194,HOUSEHOLD PAYMENT,20191.95238095238,19347.105263157893
24.0,F,classic,0,0,N,4095,HOUSEHOLD PAYMENT,25729.030555555557,24228.085714285702
34.0,M,classic,0,0,N,1062,HOUSEHOLD PAYMENT,19190.626086956523,18082.199999999997
39.0,M,classic,0,0,N,6433,HOUSEHOLD PAYMENT,25306.57647058824,23598.44
31.0,F,classic,0,0,N,2880,HOUSEHOLD PAYMENT,16482.671052631576,16003.005405405398
63.0,M,classic,0,0,N,4761,HOUSEHOLD PAYMENT,25735.948387096774,23851.666666666653
46.0,M,classic,0,0,N,7811,HOUSEHOLD PAYMENT,52099.7607142857,51363.9037037037
52.0,M,gold,0,0,N,1416,LEASING,23699.24375,21057.406451612893
39.0,F,classic,0,0,N,6185,HOUSEHOLD PAYMENT,26277.509836065572,25407.16949152544
21.0,F,junior,0,0,N,5664,HOUSEHOLD PAYMENT,12979.916279069768,13123.712195121941
52.0,F,classic,0,0,N,7636,HOUSEHOLD PAYMENT,21205.170967741935,19377.93103448275
53.0,F,classic,0,0,N,7553,HOUSEHOLD PAYMENT,22400.162499999995,22525.428571428572
80.0,M,classic,0,0,N,31,HOUSEHOLD PAYMENT,4794.428260869565,4002.8048780487834
39.0,M,classic,0,0,N,8086,HOUSEHOLD PAYMENT,13795.965151515155,13422.218749999987
39.0,M,classic,0,0,N,6260,HOUSEHOLD PAYMENT,25224.293055555558,25195.48000000002
57.0,F,classic,0,0,N,3437,HOUSEHOLD PAYMENT,24287.246875000004,23973.319354838717
45.0,F,classic,0,0,N,3263,HOUSEHOLD PAYMENT,25717.806976744185,24584.66341463413
36.0,F,gold,0,0,N,3475,HOUSEHOLD PAYMENT,54304.04705882353,53291.875
52.0,F,classic,0,0,N,3487,HOUSEHOLD PAYMENT,30673.520000000004,23850.689655172413
24.0,F,classic,0,0,N,5639,HOUSEHOLD PAYMENT,22942.695,22561.33333333333
46.0,M,classic,0,0,N,1662.7,LEASING,17995.78260869565,14002.29523809524
20.0,M,junior,0,0,N,3171,HOUSEHOLD PAYMENT,23944.16666666667,23348.101818181818
57.0,M,classic,0,0,N,2582,HOUSEHOLD PAYMENT,4963.5890625,4520.990000000003
58.0,F,gold,0,0,N,465,HOUSEHOLD PAYMENT,22673.256097560974,20969.664999999986
32.0,F,gold,0,0,N,2154,HOUSEHOLD PAYMENT,26016.755737704923,25070.32666666668
22.0,M,classic,0,0,N,4426,HOUSEHOLD PAYMENT,19233.257142857143,16956.61666666667
67.0,F,classic,0,0,N,2770,HOUSEHOLD PAYMENT,5787.759523809523,4808.259459459463
55.0,M,classic,0,0,N,5511,HOUSEHOLD PAYMENT,15275.08611111111,15478.323529411758
47.0,F,classic,0,0,N,3213.4,LEASING,40609.5,35728.83333333333
56.0,F,classic,0,0,N,3865,HOUSEHOLD PAYMENT,19622.73333333333,17975.736842105267
42.0,M,classic,0,0,N,4387,HOUSEHOLD PAYMENT,20034.997435897447,19496.02162162161
30.0,F,classic,0,0,N,9222,HOUSEHOLD PAYMENT,24654.630434782608,23678.318181818166
55.0,M,classic,0,0,N,6605,HOUSEHOLD PAYMENT,18014.556521739134,17270.390476190478
26.0,F,classic,0,0,N,2271,HOUSEHOLD PAYMENT,21139.78965517241,21244.644444444435
31.0,F,gold,0,0,N,3863,HOUSEHOLD PAYMENT,22136.136206896546,21507.110714285704
27.0,F,classic,0,0,N,2368.9,LEASING,23375.869696969694,21482.89999999999
26.0,F,classic,0,0,N,2600,LEASING,42405.119999999995,38643.85000000002
47.0,F,classic,0,0,N,6889,HOUSEHOLD PAYMENT,18363.865573770494,17830.84333333332
57.0,F,classic,0,0,N,3249.8,LEASING,36062.321875,26654.651612903213
60.0,M,classic,0,0,N,5367,HOUSEHOLD PAYMENT,16153.402500000002,15746.247368421044
32.0,M,gold,0,0,N,3294,HOUSEHOLD PAYMENT,24692.031746031742,24617.4786885246
49.0,F,gold,0,0,N,2953,HOUSEHOLD PAYMENT,26820.84428571428,26147.647058823553
46.0,M,classic,0,0,N,6953,HOUSEHOLD PAYMENT,12153.546666666665,9605.42857142857
51.0,F,classic,0,0,N,14707,HOUSEHOLD PAYMENT,41820.858064516135,39164.19310344826
20.0,F,junior,0,0,N,8319,HOUSEHOLD PAYMENT,18933.295714285712,18850.741176470587
60.0,M,gold,0,0,N,7394,HOUSEHOLD PAYMENT,26161.559183673467,25097.102127659564
19.0,M,junior,0,0,N,4877,HOUSEHOLD PAYMENT,19247.7125,18046.17826086955
51.0,M,classic,0,0,N,2820,HOUSEHOLD PAYMENT,7625.041538461538,7044.216129032254
75.0,F,classic,0,0,N,3103,HOUSEHOLD PAYMENT,6654.024242424242,5726.99310344828
42.0,M,classic,0,0,N,1250.8,LEASING,46995.493750000016,41838.88888888889
23.0,M,classic,0,0,N,1250.8,LEASING,61378.49090909091,52554.31250000003
35.0,F,gold,0,0,N,10056,HOUSEHOLD PAYMENT,3487.5619047619043,4591.666666666667
63.0,M,classic,0,0,N,6814,HOUSEHOLD PAYMENT,21228.614035087718,20586.77454545453
32.0,F,classic,0,0,N,11931,HOUSEHOLD PAYMENT,31095.5925925926,26746.30399999999
53.0,F,classic,123300,36,C,3425.2,LOAN PAYMENT,36433.496551724136,35338.73846153846
38.0,F,classic,0,0,N,2687,HOUSEHOLD PAYMENT,24292.212000000003,22997.27826086956
39.0,M,gold,0,0,N,336,HOUSEHOLD PAYMENT,28016.173015873013,27141.996721311487
55.0,F,classic,0,0,N,3592,HOUSEHOLD PAYMENT,24918.569444444445,24462.14705882352
63.0,M,classic,0,0,N,6966,HOUSEHOLD PAYMENT,16316.800000000001,14367.133333333337
51.0,F,gold,0,0,N,3059,HOUSEHOLD PAYMENT,26709.34516129032,27245.236666666686
19.0,F,junior,0,0,N,4119,HOUSEHOLD PAYMENT,24430.33333333334,23144.546153846142
61.0,M,classic,0,0,N,6619,HOUSEHOLD PAYMENT,23524.104615384615,23051.031746031756
22.0,M,junior,0,0,N,1657.7,LEASING,43329.72068965516,39657.7076923077
32.0,M,classic,0,0,N,1632,HOUSEHOLD PAYMENT,16648.36923076923,15861.736507936494
54.0,F,classic,0,0,N,1538,HOUSEHOLD PAYMENT,29724.589552238805,23539.312121212137
55.0,M,gold,0,0,N,3443,HOUSEHOLD PAYMENT,22542.223255813944,22336.279999999988
56.0,F,classic,0,0,N,4433,HOUSEHOLD PAYMENT,8591.041666666666,7369.759999999999
41.0,M,classic,0,0,N,2757,HOUSEHOLD PAYMENT,7113.2742857142875,6665.187878787873
50.0,M,classic,0,0,N,10288,HOUSEHOLD PAYMENT,63958.14285714284,60605.666666666686
37.0,F,classic,0,0,N,5263,HOUSEHOLD PAYMENT,26873.906666666666,26113.01694915256
28.0,F,classic,0,0,N,6551,HOUSEHOLD PAYMENT,19247.288000000008,18482.579591836722
78.0,M,classic,0,0,N,3263,HOUSEHOLD PAYMENT,6201.099999999999,5430.095238095239
43.0,F,classic,0,0,N,8004,HOUSEHOLD PAYMENT,25238.2843137255,25160.399999999998
57.0,M,classic,0,0,N,480,HOUSEHOLD PAYMENT,22773.20588235294,20814.70666666667
33.0,M,classic,0,0,N,4399,HOUSEHOLD PAYMENT,15114.259523809522,14339.51499999999
26.0,M,classic,0,0,N,3377,HOUSEHOLD PAYMENT,13472.86603773585,12439.15294117646
30.0,M,classic,194256,24,C,8094.2,LOAN PAYMENT,33205.927777777775,31105.211764705888
56.0,F,classic,0,0,N,5758,HOUSEHOLD PAYMENT,12019.899999999998,10762.455555555553
43.0,F,classic,0,0,N,7680,HOUSEHOLD PAYMENT,25383.57428571429,31537.52173913043
64.0,F,gold,0,0,N,224,HOUSEHOLD PAYMENT,4712.405660377359,3408.025000000003
59.0,F,classic,0,0,N,1337,HOUSEHOLD PAYMENT,26809.87894736842,25286.38378378377
63.0,M,classic,0,0,N,3353,HOUSEHOLD PAYMENT,49815.68196721311,43734.22000000005
46.0,M,classic,0,0,N,403,HOUSEHOLD PAYMENT,12964.842857142856,11875.769696969695
58.0,F,classic,0,0,N,2372.6,LEASING,33231.69500000001,29784.14871794871
30.0,F,classic,0,0,N,9626,HOUSEHOLD PAYMENT,24086.682352941174,22049.2
18.0,F,junior,0,0,N,2952,HOUSEHOLD PAYMENT,24943.07746478873,24349.985714285736
42.0,M,classic,0,0,N,7968,HOUSEHOLD PAYMENT,18703.382352941175,16886.83888888888
27.0,M,gold,0,0,N,14658,HOUSEHOLD PAYMENT,44415.75833333333,43295.12923076927
48.0,F,classic,141948,36,C,9642,HOUSEHOLD PAYMENT,20727.891176470588,19699.20606060605
20.0,M,junior,0,0,N,6765,HOUSEHOLD PAYMENT,24694.676315789482,22821.816216216204
37.0,F,classic,0,0,N,3227,HOUSEHOLD PAYMENT,19517.58787878788,18342.03870967741
57.0,M,classic,0,0,N,8050,HOUSEHOLD PAYMENT,23694.63142857143,23165.860606060596
50.0,M,classic,0,0,N,9431,HOUSEHOLD PAYMENT,26354.29047619048,25354.768421052624
19.0,M,junior,0,0,N,4560.8,LEASING,48948.566666666666,42227.205263157906
28.0,F,gold,0,0,N,4028,HOUSEHOLD PAYMENT,27739.030555555542,26888.1915492958
43.0,F,classic,0,0,N,6307,HOUSEHOLD PAYMENT,19924.707692307686,18851.697297297287
77.0,F,classic,0,0,N,1458,HOUSEHOLD PAYMENT,4900.1078947368405,4072.5515151515174
36.0,F,classic,0,0,N,1146,HOUSEHOLD PAYMENT,25102.96470588235,24683.387499999986
18.0,M,junior,0,0,N,5270,HOUSEHOLD PAYMENT,13426.7,11064.328571428572
47.0,M,classic,30060,60,C,4353,HOUSEHOLD PAYMENT,21519.471153846152,21465.623999999985
25.0,M,classic,0,0,N,8351,HOUSEHOLD PAYMENT,23053.28983050847,22581.765517241383
41.0,F,classic,0,0,N,1240,HOUSEHOLD PAYMENT,23813.329629629632,22637.463999999993
40.0,M,classic,0,0,N,3432,HOUSEHOLD PAYMENT,17138.306382978728,16241.124444444433
32.0,F,gold,0,0,N,3023,HOUSEHOLD PAYMENT,26223.976923076927,25404.240625000017
53.0,M,classic,0,0,N,5429,HOUSEHOLD PAYMENT,27934.49130434782,26924.991176470612
57.0,M,classic,0,0,N,8818,HOUSEHOLD PAYMENT,19914.88970588235,19021.80895522388
56.0,F,classic,0,0,N,3850,HOUSEHOLD PAYMENT,20337.852941176472,19224.04
56.0,F,classic,0,0,N,3835,HOUSEHOLD PAYMENT,17143.411320754716,16355.20769230768
28.0,M,classic,0,0,N,1474,HOUSEHOLD PAYMENT,5435.371428571428,3934.7846153846176
59.0,M,classic,0,0,N,9131,HOUSEHOLD PAYMENT,21184.815999999995,20417.27826086956
52.0,M,classic,0,0,N,9921,HOUSEHOLD PAYMENT,21237.34464285714,20788.745454545446
34.0,F,classic,0,0,N,5938,HOUSEHOLD PAYMENT,17604.961224489798,16409.86808510637
31.0,M,classic,0,0,N,2840,HOUSEHOLD PAYMENT,6936.678947368421,6152.628571428571
58.0,F,classic,105804,36,A,2938.7,LOAN PAYMENT,19416.751388888886,17547.925714285717
48.0,F,classic,396120,60,C,6601.7,LOAN PAYMENT,43045.64222222222,31252.595454545426
32.0,F,classic,37944,36,C,1054,LOAN PAYMENT,26149.238709677422,23915.299999999992
19.0,M,junior,209040,24,C,2329,HOUSEHOLD PAYMENT,19981.137499999997,19342.5
24.0,F,classic,0,0,N,7114,HOUSEHOLD PAYMENT,25775.783333333336,24984.15172413792
23.0,F,classic,0,0,N,1878,HOUSEHOLD PAYMENT,5502.696666666666,3960.961538461541
47.0,M,gold,0,0,N,851,HOUSEHOLD PAYMENT,21961.907142857144,19949.31538461538
20.0,M,junior,0,0,N,1289,HOUSEHOLD PAYMENT,8767.114583333336,7586.737777777778
25.0,M,classic,0,0,N,4545,HOUSEHOLD PAYMENT,28200.0918367347,26544.84166666666
64.0,F,classic,0,0,N,1962,HOUSEHOLD PAYMENT,5257.7625,3642.281481481483
39.0,M,classic,0,0,N,2027,HOUSEHOLD PAYMENT,6257.0055555555555,4117.199999999999
30.0,M,classic,0,0,N,3060,HOUSEHOLD PAYMENT,18107.838461538464,17729.54166666666
51.0,M,classic,0,0,N,6741,HOUSEHOLD PAYMENT,19527.107042253516,19286.000000000004
27.0,M,gold,0,0,N,3175,HOUSEHOLD PAYMENT,25299.942857142858,24366.151515151505
45.0,M,classic,0,0,N,1774,HOUSEHOLD PAYMENT,24760.3868852459,23568.96000000001
50.0,F,classic,0,0,N,3408,HOUSEHOLD PAYMENT,15627.781818181817,14708.680000000002
41.0,M,classic,0,0,N,3962,HOUSEHOLD PAYMENT,35157.60476190477,32830.455
21.0,F,junior,0,0,N,2395.6,LEASING,26539.684374999997,21770.333333333332
25.0,M,classic,0,0,N,2676,HOUSEHOLD PAYMENT,25546.62388059702,25700.624615384637
61.0,M,classic,290820,60,C,3318,HOUSEHOLD PAYMENT,21337.399999999998,19627.74666666667
32.0,M,classic,0,0,N,12524,HOUSEHOLD PAYMENT,42264.564285714296,37806.4363636364
53.0,F,classic,0,0,N,5472,HOUSEHOLD PAYMENT,26809.2,25222.607407407395
63.0,M,classic,0,0,N,2995,HOUSEHOLD PAYMENT,25027.278947368428,24422.457142857147
41.0,F,classic,0,0,N,8744,HOUSEHOLD PAYMENT,24164.93448275862,23710.06666666666
41.0,F,classic,0,0,N,5262,HOUSEHOLD PAYMENT,10258.84193548387,8954.107142857147
50.0,M,classic,0,0,N,8417,HOUSEHOLD PAYMENT,20109.191999999992,19124.29387755101
18.0,F,junior,0,0,N,3564,HOUSEHOLD PAYMENT,18053.722222222226,17574.822950819656
23.0,F,gold,293880,60,D,4898.2,LOAN PAYMENT,39286.70526315789,36381.45714285713
37.0,F,classic,0,0,N,4278,HOUSEHOLD PAYMENT,11184.096825396826,10703.872131147531
36.0,M,classic,0,0,N,1488,HOUSEHOLD PAYMENT,21533.2125,21302.156521739118
26.0,M,classic,0,0,N,3573,HOUSEHOLD PAYMENT,21882.015789473688,21383.282352941176
58.0,F,classic,86184,12,A,7182.5,LOAN PAYMENT,47203.69705882354,38544.25454545454
63.0,F,classic,0,0,N,1542,HOUSEHOLD PAYMENT,6027.218032786886,5745.9929824561395
33.0,F,classic,0,0,N,484,HOUSEHOLD PAYMENT,18338.500000000004,17152.307692307695
57.0,M,classic,0,0,N,6746,HOUSEHOLD PAYMENT,26715.888888888894,25712.363934426245
61.0,M,classic,214596,36,C,5961,LOAN PAYMENT,51908.6761904762,46197.14999999999
51.0,F,classic,0,0,N,4554,HOUSEHOLD PAYMENT,22711.260714285712,21190.68461538461
45.0,M,classic,0,0,N,6927,HOUSEHOLD PAYMENT,13663.987096774197,12742.758620689654
35.0,M,classic,0,0,N,4619.9,LEASING,42965.44255319147,35050.434782608696
24.0,F,classic,92400,12,A,7699.8,LOAN PAYMENT,26119.062500000004,22254.7870967742
46.0,M,classic,0,0,N,9871,HOUSEHOLD PAYMENT,24242.27,22889.210526315783
50.0,M,classic,0,0,N,5207,HOUSEHOLD PAYMENT,23181.376056338027,22679.50724637683
27.0,F,classic,0,0,N,9788,HOUSEHOLD PAYMENT,26940.800000000003,24939.449999999997
18.0,F,junior,71460,36,C,7264,HOUSEHOLD PAYMENT,24180.916666666664,24732.999999999985
55.0,M,classic,61560,12,A,5129.5,LOAN PAYMENT,33488.25277777777,30916.485714285714
21.0,M,classic,0,0,N,9921,HOUSEHOLD PAYMENT,25744.839285714286,24862.37777777777
28.0,M,classic,0,0,N,8468,HOUSEHOLD PAYMENT,35727.09285714286,28990.507692307696
29.0,F,classic,0,0,N,7552,HOUSEHOLD PAYMENT,23018.432142857142,20976.192592592583
33.0,F,classic,170256,24,A,5922,HOUSEHOLD PAYMENT,26344.9676923077,26026.942857142873
58.0,M,classic,0,0,N,4838,HOUSEHOLD PAYMENT,55948.0625,50548.490909090906
34.0,F,classic,0,0,N,3165,HOUSEHOLD PAYMENT,27138.760000000002,27558.555555555547
23.0,M,junior,0,0,N,1449,HOUSEHOLD PAYMENT,22544.734782608703,22294.20597014927
57.0,M,classic,0,0,N,8524,HOUSEHOLD PAYMENT,14713.027777777777,12855.450000000003
20.0,M,junior,0,0,N,397,LEASING,12043.426315789475,10352.34117647059
47.0,F,classic,182040,60,C,3034,LOAN PAYMENT,44622.773999999976,40091.844897959214
31.0,F,gold,0,0,N,4103.8,LEASING,52694.30857142858,44747.77941176476
28.0,F,classic,92976,24,A,3873.7,LOAN PAYMENT,49259.96249999998,42190.784615384604
52.0,M,classic,0,0,N,4876,HOUSEHOLD PAYMENT,19584.07567567568,18934.18857142856
36.0,M,classic,0,0,N,2324.2,LEASING,39715.49259259259,32387.11538461537
41.0,M,gold,0,0,N,5538,HOUSEHOLD PAYMENT,46804.94084507043,41087.42857142857
23.0,M,classic,0,0,N,4182,HOUSEHOLD PAYMENT,23822.219354838708,23473.66440677967
48.0,M,classic,230220,36,C,6395,LOAN PAYMENT,57905.891304347824,53508.90476190476
31.0,F,classic,0,0,N,7927,HOUSEHOLD PAYMENT,19395.55882352941,17766.399999999994
24.0,M,classic,314688,48,C,6556.3,LOAN PAYMENT,41942.54814814815,30758.61923076924
45.0,F,classic,0,0,N,4704,HOUSEHOLD PAYMENT,50748.179687499985,43790.031746031746
34.0,M,classic,0,0,N,6275,HOUSEHOLD PAYMENT,25172.172727272722,24652.94374999999
50.0,M,classic,0,0,N,3531,HOUSEHOLD PAYMENT,24613.399999999998,23249.338461538464
58.0,M,classic,0,0,N,4550,HOUSEHOLD PAYMENT,23821.56212121213,23260.62461538463
36.0,M,classic,0,0,N,6907,HOUSEHOLD PAYMENT,22064.835897435896,21368.64324324323
24.0,M,classic,0,0,N,5259,HOUSEHOLD PAYMENT,9575.221428571429,8483.714999999998
24.0,F,classic,0,0,N,1158,LEASING,43940.37058823531,38575.57611940304
68.0,M,gold,0,0,N,1846,HOUSEHOLD PAYMENT,6818.734883720931,6001.900000000003
32.0,M,gold,0,0,N,3919,HOUSEHOLD PAYMENT,10484.303571428574,8725.31538461539
25.0,F,classic,159744,48,C,3328.2,LOAN PAYMENT,40472.67857142858,41148.69166666667
46.0,M,classic,0,0,N,9071,HOUSEHOLD PAYMENT,19837.33636363636,18818.48
46.0,F,classic,0,0,N,9747,HOUSEHOLD PAYMENT,19769.96,16736.857142857145
50.0,M,classic,0,0,N,7101.3,LOAN PAYMENT,16829.780000000002,12936.833333333334
46.0,M,classic,0,0,N,1305,LEASING,20409.807692307688,18543.679999999993
62.0,M,classic,0,0,N,5028,HOUSEHOLD PAYMENT,11685.951428571425,10260.70909090909
66.0,M,gold,0,0,N,3410,HOUSEHOLD PAYMENT,6198.691176470588,5413.09841269841
57.0,F,classic,0,0,N,1544,HOUSEHOLD PAYMENT,3536.9687499999995,2742.493023255816
40.0,M,classic,0,0,N,14138,HOUSEHOLD PAYMENT,58379.710256410246,54560.38333333337
20.0,M,junior,0,0,N,4719,HOUSEHOLD PAYMENT,19167.472000000005,19267.713043478256
48.0,F,gold,0,0,N,2931.6,LEASING,32441.612500000003,18030.70666666667
23.0,M,gold,0,0,N,1455,HOUSEHOLD PAYMENT,27376.081818181818,26231.251612903212
21.0,F,classic,0,0,N,435,LEASING,8217.01612903226,7437.586440677953
35.0,M,gold,0,0,N,37,HOUSEHOLD PAYMENT,23149.26190476191,21558.08421052631
50.0,F,classic,0,0,N,5332,HOUSEHOLD PAYMENT,24661.28382352941,23706.107462686585
25.0,F,classic,0,0,N,3277,HOUSEHOLD PAYMENT,47699.47962962961,45162.554716981176
35.0,F,classic,0,0,N,4109,HOUSEHOLD PAYMENT,17913.566101694913,17054.796491228055
57.0,F,classic,0,0,N,3022,LEASING,47345.799999999996,39472.65333333333
37.0,M,classic,0,0,N,4996,HOUSEHOLD PAYMENT,25091.428571428572,24654.046153846142
29.0,M,classic,0,0,N,524,HOUSEHOLD PAYMENT,20041.767796610173,19032.575438596476
39.0,M,classic,0,0,N,5513,HOUSEHOLD PAYMENT,25666.408196721313,25065.760000000013
51.0,M,classic,0,0,N,10076,HOUSEHOLD PAYMENT,38644.31333333333,34361.24137931035
57.0,F,classic,0,0,N,4001,HOUSEHOLD PAYMENT,17728.86341463415,16526.846153846145
39.0,F,classic,0,0,N,12133,HOUSEHOLD PAYMENT,51139.012,48629.349999999984
27.0,M,classic,0,0,N,13540,HOUSEHOLD PAYMENT,54527.791304347826,51120.54545454544
57.0,M,gold,0,0,N,5492,HOUSEHOLD PAYMENT,26581.400000000005,25155.849999999988
55.0,M,classic,0,0,N,6828,HOUSEHOLD PAYMENT,17170.681578947373,15452.505555555548
19.0,F,junior,0,0,N,7035,HOUSEHOLD PAYMENT,19660.63636363637,18805.54769230769
47.0,F,classic,0,0,N,7607,HOUSEHOLD PAYMENT,26557.155223880603,26077.039393939416
52.0,F,classic,0,0,N,5464,HOUSEHOLD PAYMENT,21181.4,20570.794117647067
31.0,F,classic,0,0,N,7764,HOUSEHOLD PAYMENT,22189.25357142857,20820.353846153834
37.0,M,classic,0,0,N,4769,HOUSEHOLD PAYMENT,21647.97857142858,20881.67647058825
47.0,M,classic,0,0,N,1381,HOUSEHOLD PAYMENT,24116.77903225807,23727.103333333343
40.0,F,classic,0,0,N,6509,HOUSEHOLD PAYMENT,19367.90655737705,18727.509999999987
54.0,F,gold,0,0,N,5129,HOUSEHOLD PAYMENT,13947.531250000002,12753.990476190464
43.0,F,classic,0,0,N,1189,LEASING,37936.740000000005,33987.77777777778
35.0,M,gold,0,0,N,4379,HOUSEHOLD PAYMENT,59352.685714285704,53761.623529411794
43.0,M,classic,0,0,N,10744,HOUSEHOLD PAYMENT,30351.7,23129.84242424241
55.0,F,classic,0,0,N,1922,LEASING,54232.34666666666,46624.96551724138
18.0,M,junior,0,0,N,5194,HOUSEHOLD PAYMENT,19559.991666666665,18571.45217391304
39.0,F,classic,0,0,N,1018,HOUSEHOLD PAYMENT,22201.692727272726,21010.555555555544
43.0,F,classic,0,0,N,8872,HOUSEHOLD PAYMENT,17652.99285714286,16310.661538461536
46.0,M,classic,0,0,N,5126,HOUSEHOLD PAYMENT,23606.122058823523,22619.45151515153
59.0,M,classic,0,0,N,3005.8,LEASING,48820.51111111112,43065.37499999999
40.0,M,classic,0,0,N,3592.9,LEASING,38789.12142857143,32969.600000000035
45.0,F,classic,0,0,N,6280,HOUSEHOLD PAYMENT,25227.30833333333,23108.582608695648
41.0,M,classic,0,0,N,3978,HOUSEHOLD PAYMENT,26247.52499999999,26058.98028169017
18.0,M,junior,0,0,N,3793,LEASING,39164.544444444444,29816.18823529411
38.0,F,gold,0,0,N,4662,HOUSEHOLD PAYMENT,25694.422916666666,24214.451063829776
46.0,M,classic,0,0,N,2727,HOUSEHOLD PAYMENT,21941.679166666665,21833.518181818174
39.0,M,classic,0,0,N,5852,HOUSEHOLD PAYMENT,16549.292857142857,14451.066666666668
52.0,M,gold,0,0,N,3923,HOUSEHOLD PAYMENT,22546.818750000002,21882.27096774194
20.0,F,junior,231168,48,C,4816,LOAN PAYMENT,46922.768,41443.18333333333
48.0,M,classic,0,0,N,489,HOUSEHOLD PAYMENT,11552.009090909092,11126.640624999989
56.0,F,classic,0,0,N,3537,HOUSEHOLD PAYMENT,26790.105714285717,27119.84848484847
47.0,M,classic,0,0,N,3032,HOUSEHOLD PAYMENT,35706.791999999994,28580.25416666668
44.0,F,classic,0,0,N,989,HOUSEHOLD PAYMENT,22544.97777777777,22692.135294117637
51.0,M,classic,69624,36,C,3197,HOUSEHOLD PAYMENT,22791.157142857144,21101.50526315789
58.0,M,gold,0,0,N,5297,HOUSEHOLD PAYMENT,24540.931111111113,23886.265116279057
30.0,M,classic,0,0,N,5044,HOUSEHOLD PAYMENT,24476.297499999997,23354.779487179476
44.0,M,classic,0,0,N,128,HOUSEHOLD PAYMENT,16970.53529411765,16998.224489795906
19.0,F,junior,0,0,N,14520,HOUSEHOLD PAYMENT,42684.49107142858,36253.34181818184
49.0,F,classic,0,0,N,5369,HOUSEHOLD PAYMENT,17168.449999999997,15839.130000000001
46.0,M,classic,0,0,N,1024,HOUSEHOLD PAYMENT,17861.031034482756,15817.770370370366
22.0,F,classic,0,0,N,3498,HOUSEHOLD PAYMENT,7810.247826086956,5713.710000000001
20.0,F,junior,0,0,N,3354,HOUSEHOLD PAYMENT,18216.825806451612,17144.137931034475
24.0,M,classic,0,0,N,8262,HOUSEHOLD PAYMENT,18803.40298507463,18179.409230769226
41.0,M,gold,0,0,N,3381,HOUSEHOLD PAYMENT,45711.907692307694,43858.916666666664
44.0,M,classic,0,0,N,1043,HOUSEHOLD PAYMENT,40864.489285714284,34911.6
56.0,F,classic,0,0,N,8740,HOUSEHOLD PAYMENT,21594.035,21803.277777777774
55.0,M,classic,0,0,N,1904,LEASING,39066.17837837838,31116.118918918903
36.0,M,classic,0,0,N,1980.9,LEASING,46302.88611111111,45263.04117647061
49.0,M,classic,0,0,N,1194,LEASING,44466.11212121212,36532.96923076927
51.0,F,gold,50460,60,C,7289,HOUSEHOLD PAYMENT,17012.5873015873,15962.740983606544
25.0,F,classic,0,0,N,5284,HOUSEHOLD PAYMENT,26137.856666666667,25652.321428571417
28.0,M,classic,0,0,N,2515,HOUSEHOLD PAYMENT,20655.553846153845,20629.83243243242
18.0,M,junior,0,0,N,9472,HOUSEHOLD PAYMENT,20865.92631578947,20958.422222222212
31.0,M,classic,0,0,N,6559,HOUSEHOLD PAYMENT,22682.988235294124,22324.573333333337
44.0,M,gold,0,0,N,4186,HOUSEHOLD PAYMENT,21365.516666666674,20131.672727272726
45.0,M,classic,0,0,N,1371,HOUSEHOLD PAYMENT,26387.294029850742,26535.487878787902
56.0,M,gold,0,0,N,7523,HOUSEHOLD PAYMENT,25972.953225806454,25327.386666666673
33.0,M,classic,0,0,N,5305,HOUSEHOLD PAYMENT,48846.77674418604,44386.900000000016
34.0,M,classic,0,0,N,5751,HOUSEHOLD PAYMENT,64824.26,67436.35384615384
46.0,M,classic,0,0,N,7503,HOUSEHOLD PAYMENT,26116.400000000005,23454.229999999992
23.0,F,classic,0,0,N,3207,HOUSEHOLD PAYMENT,18221.736363636363,16027.280000000002
45.0,F,classic,437460,60,C,7291.3,LOAN PAYMENT,45436.166666666664,45335.90000000001
49.0,M,classic,380160,60,C,6336,LOAN PAYMENT,52490.50925925927,49244.20400000004
25.0,M,classic,0,0,N,2025,LEASING,16320.131250000002,14771.533333333333
50.0,M,classic,0,0,N,580,HOUSEHOLD PAYMENT,8306.882142857145,7408.312000000003
57.0,M,classic,0,0,N,8306,HOUSEHOLD PAYMENT,26334.457142857143,23311.479999999992
56.0,F,classic,0,0,N,5101,HOUSEHOLD PAYMENT,16908.976,15196.33333333333
31.0,M,gold,0,0,N,4560,HOUSEHOLD PAYMENT,41428.977272727265,37371.5619047619
56.0,F,classic,0,0,N,1394,HOUSEHOLD PAYMENT,38821.0829787234,35777.54782608698
37.0,F,classic,0,0,N,3554.8,LEASING,37960.63770491803,36110.467857142896
22.0,F,classic,0,0,N,4373,HOUSEHOLD PAYMENT,17511.182758620693,16658.918518518512
60.0,M,gold,41256,12,C,3438,LOAN PAYMENT,54416.31612903226,40655.75333333333
40.0,M,classic,24792,24,C,3301,HOUSEHOLD PAYMENT,25070.23030303031,23187.84999999999
26.0,F,classic,0,0,N,22,HOUSEHOLD PAYMENT,6618.982142857142,5942.466666666668
34.0,F,classic,48744,36,C,3217,HOUSEHOLD PAYMENT,21352.703125,21495.606666666656
61.0,M,classic,0,0,N,3170,HOUSEHOLD PAYMENT,24982.085714285717,25199.45
55.0,F,classic,0,0,N,2601,HOUSEHOLD PAYMENT,5260.580952380954,4033.2352941176464
20.0,M,junior,0,0,N,4187,LEASING,36680.60652173913,29120.444444444445
27.0,M,gold,0,0,N,7524,HOUSEHOLD PAYMENT,49779.643076923065,45959.78125
26.0,M,classic,82896,12,A,6907.5,LOAN PAYMENT,45111.62647058823,40413.381818181864
19.0,F,junior,0,0,N,4104,HOUSEHOLD PAYMENT,54805.461111111115,47318.62222222224
30.0,M,classic,0,0,N,1433,HOUSEHOLD PAYMENT,23835.091304347825,23806.104761904757
54.0,F,classic,0,0,N,5122,HOUSEHOLD PAYMENT,26833.88518518519,26068.047999999988
44.0,F,classic,0,0,N,3698,HOUSEHOLD PAYMENT,15495.133333333335,13519.315789473687
52.0,F,classic,0,0,N,5022,HOUSEHOLD PAYMENT,23237.154838709677,22572.647457627125
60.0,M,classic,0,0,N,5866,HOUSEHOLD PAYMENT,24317.04705882353,23205.539393939383
32.0,M,classic,0,0,N,6722,HOUSEHOLD PAYMENT,17153.414285714287,14777.907692307694
39.0,F,gold,0,0,N,9388,HOUSEHOLD PAYMENT,5451.749999999998,5566.666666666667
21.0,F,junior,123216,48,C,2567.3,LOAN PAYMENT,46236.950943396216,43536.67843137251
42.0,F,classic,0,0,N,8001,HOUSEHOLD PAYMENT,36243.14307692307,34922.91269841273
41.0,M,classic,0,0,N,9037,HOUSEHOLD PAYMENT,19723.236363636366,19420.703225806443
49.0,M,classic,0,0,N,3649,HOUSEHOLD PAYMENT,16156.525581395354,15907.248780487795
18.0,M,junior,0,0,N,7334,HOUSEHOLD PAYMENT,34098.69846153846,32105.876190476232
20.0,F,junior,0,0,N,9131,HOUSEHOLD PAYMENT,22788.925641025635,20173.94054054053
46.0,M,classic,0,0,N,363,HOUSEHOLD PAYMENT,13243.948571428571,10796.951515151513
20.0,F,junior,0,0,N,3175,HOUSEHOLD PAYMENT,61994.88333333333,51494.37241379311
59.0,M,classic,0,0,N,8364,HOUSEHOLD PAYMENT,24721.28909090909,23858.78113207547
27.0,M,gold,0,0,N,2221.7,LEASING,44160.630000000005,40510.08235294117
26.0,M,classic,177744,48,D,3702.8,LOAN PAYMENT,32449.724615384624,25913.441269841267
41.0,F,classic,0,0,N,6404,HOUSEHOLD PAYMENT,14564.522222222224,14012.013333333336
50.0,F,classic,0,0,N,1272,HOUSEHOLD PAYMENT,11942.473333333333,11178.08888888889
33.0,M,classic,0,0,N,7388,HOUSEHOLD PAYMENT,26442.76176470588,26314.644776119425
58.0,F,classic,0,0,N,2112,HOUSEHOLD PAYMENT,4717.099999999999,4011.548387096778
40.0,M,classic,0,0,N,1951.3,LEASING,38329.22926829268,33672.96923076925
29.0,M,classic,0,0,N,8811,HOUSEHOLD PAYMENT,21680.800000000003,21788.02499999999
57.0,M,classic,0,0,N,1882,LEASING,22310.83846153846,22193.990476190487
75.0,M,classic,0,0,N,148,HOUSEHOLD PAYMENT,5392.70153846154,4994.809836065574
62.0,M,classic,39024,12,A,3252.2,LOAN PAYMENT,32575.573684210533,31256.427027027035
47.0,M,classic,0,0,N,6149,HOUSEHOLD PAYMENT,20217.289583333335,19018.069565217378
53.0,M,classic,0,0,N,912,HOUSEHOLD PAYMENT,4606.194736842107,3978.2754716981167
63.0,M,gold,0,0,N,8462,HOUSEHOLD PAYMENT,45230.72571428572,38834.478260869604
31.0,M,classic,0,0,N,8340,HOUSEHOLD PAYMENT,25336.831578947367,23722.766666666663
52.0,F,classic,0,0,N,1951.3,LEASING,34878.06000000001,31660.881081081072
28.0,F,classic,0,0,N,7806,HOUSEHOLD PAYMENT,21041.09512195122,20435.066666666655
18.0,F,junior,0,0,N,11462,HOUSEHOLD PAYMENT,32726.941666666677,31143.91489361702
34.0,F,classic,276084,36,C,7668.7,LOAN PAYMENT,50565.24705882353,39294.618749999994
19.0,F,junior,0,0,N,6369,HOUSEHOLD PAYMENT,13505.712121212122,12593.574193548386
38.0,M,classic,0,0,N,5091,HOUSEHOLD PAYMENT,49207.882352941175,43890.933333333334
50.0,F,classic,0,0,N,7786.5,LOAN PAYMENT,48440.887500000004,45451.06666666666
33.0,F,classic,0,0,N,1376,HOUSEHOLD PAYMENT,4526.3771428571445,3811.1343283582123
18.0,F,junior,0,0,N,2471,HOUSEHOLD PAYMENT,9559.693333333333,6627.338461538461
20.0,M,junior,0,0,N,2038,HOUSEHOLD PAYMENT,4752.796666666666,4271.630769230771
39.0,M,classic,0,0,N,3964,HOUSEHOLD PAYMENT,15578.902941176473,14978.731249999993
47.0,M,classic,0,0,N,9838,HOUSEHOLD PAYMENT,25936.76964285714,24810.327272727274
30.0,F,classic,0,0,N,3240,HOUSEHOLD PAYMENT,23520.212000000003,22724.86956521738
43.0,M,gold,0,0,N,813,HOUSEHOLD PAYMENT,18837.31739130435,18053.05
24.0,M,classic,0,0,N,4247,HOUSEHOLD PAYMENT,23240.093333333334,22318
62.0,M,classic,0,0,N,7543,HOUSEHOLD PAYMENT,22474.248275862068,22145.585714285717
49.0,M,classic,0,0,N,9212,HOUSEHOLD PAYMENT,25266.485294117643,25720.149999999987
26.0,M,classic,0,0,N,478,HOUSEHOLD PAYMENT,58140.57692307691,60106.843478260875
49.0,F,classic,0,0,N,12659,HOUSEHOLD PAYMENT,47770.28571428572,47324.916666666664
22.0,M,classic,0,0,N,4543,HOUSEHOLD PAYMENT,11747.860606060605,10778.109374999989
56.0,M,classic,0,0,N,2274,LEASING,30002.510344827588,25809.578571428556
58.0,F,classic,0,0,N,5446,HOUSEHOLD PAYMENT,23169.587500000005,21470.490909090902
21.0,M,junior,0,0,N,860,HOUSEHOLD PAYMENT,13674.08918918919,12974.759999999995
25.0,F,classic,0,0,N,6634,HOUSEHOLD PAYMENT,26712.809090909093,26026.48148148149
53.0,M,classic,0,0,N,399,HOUSEHOLD PAYMENT,15209.741935483871,14740.24137931034
37.0,F,classic,0,0,N,5258,HOUSEHOLD PAYMENT,24804.564705882356,23927.04374999999
23.0,F,classic,0,0,N,557,HOUSEHOLD PAYMENT,62562.331999999995,50760.151999999995
32.0,F,classic,0,0,N,3414,HOUSEHOLD PAYMENT,26888.22916666666,25737.539130434772
20.0,M,junior,0,0,N,2189,HOUSEHOLD PAYMENT,14713.866666666665,14324.07096774193
39.0,F,classic,0,0,N,1580,HOUSEHOLD PAYMENT,47240.88970588236,37524.04776119407
38.0,M,classic,0,0,N,4418,HOUSEHOLD PAYMENT,15161.82702702703,14291.731428571422
55.0,F,classic,0,0,N,4051,HOUSEHOLD PAYMENT,14545.965714285716,12861.012121212118
56.0,F,classic,0,0,N,3430,HOUSEHOLD PAYMENT,16423.2923076923,15224.312499999985
40.0,M,classic,0,0,N,4261,HOUSEHOLD PAYMENT,27940.49677419355,21646.129032258064
49.0,F,classic,0,0,N,3382.7,LEASING,38082.36285714286,35608.9375
34.0,M,classic,0,0,N,6435,HOUSEHOLD PAYMENT,16885.364285714288,18307.4
69.0,F,classic,0,0,N,1537,HOUSEHOLD PAYMENT,6688.410769230769,6191.635483870963
19.0,F,junior,0,0,N,2128,HOUSEHOLD PAYMENT,23336.14307692308,22381.49206349207
33.0,F,classic,0,0,N,3382.7,LEASING,33651.95517241379,27914.0857142857
44.0,M,classic,0,0,N,1791,HOUSEHOLD PAYMENT,16588.6,15861.089473684202
67.0,M,classic,0,0,N,3407,HOUSEHOLD PAYMENT,5261.278048780487,4508.972222222224
18.0,M,junior,0,0,N,7037,HOUSEHOLD PAYMENT,13826.57391304348,12730.847619047621
39.0,F,gold,0,0,N,6946,HOUSEHOLD PAYMENT,22769.643939393944,21535.938461538462
28.0,M,classic,0,0,N,7862,HOUSEHOLD PAYMENT,27157.454000000005,27329.354166666668
22.0,M,classic,271584,48,C,5658,LOAN PAYMENT,38351.69696969697,31985.012499999986
29.0,F,classic,0,0,N,2388,HOUSEHOLD PAYMENT,21197.535294117653,19480.27499999999
53.0,M,classic,0,0,N,7824,HOUSEHOLD PAYMENT,49782.26714285714,44454.643478260914
37.0,F,classic,0,0,N,7797,HOUSEHOLD PAYMENT,20900.841666666667,19492.218181818178
55.0,M,classic,0,0,N,3581,HOUSEHOLD PAYMENT,23673.42258064516,23498.999999999993
33.0,M,classic,0,0,N,5579,HOUSEHOLD PAYMENT,13274.832352941175,12474.981249999995
54.0,M,classic,0,0,N,4633,HOUSEHOLD PAYMENT,12773.674468085106,12948.546666666658
40.0,F,classic,0,0,N,3217,HOUSEHOLD PAYMENT,33577.46315789474,29507.14285714286
33.0,F,classic,0,0,N,2597,LOAN PAYMENT,10169.417647058828,11962.509090909092
51.0,M,classic,0,0,N,7642,HOUSEHOLD PAYMENT,18322.216279069773,17245.273170731696
19.0,M,junior,0,0,N,6598,HOUSEHOLD PAYMENT,14448.041666666668,12984.058823529407
33.0,F,classic,0,0,N,11123,HOUSEHOLD PAYMENT,41689.11666666667,40720.918518518505
28.0,M,classic,0,0,N,6302,HOUSEHOLD PAYMENT,45945.99090909091,43359.3209302326
37.0,F,classic,0,0,N,5478,HOUSEHOLD PAYMENT,22315.238235294124,21734.33749999999
46.0,F,classic,0,0,N,11469,HOUSEHOLD PAYMENT,33020.39076923077,25821.656250000015
48.0,F,gold,0,0,N,3904,HOUSEHOLD PAYMENT,25008.7551724138,24617.474074074067
45.0,M,classic,0,0,N,9023,HOUSEHOLD PAYMENT,37618.73725490196,34566.354166666664
18.0,M,junior,0,0,N,987,HOUSEHOLD PAYMENT,30635.5375,28021.2
44.0,M,classic,0,0,N,4009,HOUSEHOLD PAYMENT,8593.877499999999,8162.470270270271
57.0,M,classic,0,0,N,881,HOUSEHOLD PAYMENT,12847.863157894739,11833.172222222216
47.0,F,classic,0,0,N,9060,HOUSEHOLD PAYMENT,20512.915,19604.642105263145
53.0,F,gold,0,0,N,4739,HOUSEHOLD PAYMENT,24792.229629629626,23870.703999999994
38.0,M,classic,0,0,N,3035,HOUSEHOLD PAYMENT,25288.171212121204,24569.384375000016
40.0,F,gold,0,0,N,7701,HOUSEHOLD PAYMENT,26180.745714285717,25468.800000000017
35.0,M,classic,0,0,N,553,HOUSEHOLD PAYMENT,31186.300000000003,24626.14285714286
20.0,F,junior,0,0,N,3216,HOUSEHOLD PAYMENT,24181.036363636355,23983.748387096763
22.0,F,junior,0,0,N,4828,HOUSEHOLD PAYMENT,21564.517500000005,21222.394736842092
43.0,F,classic,0,0,N,2515,HOUSEHOLD PAYMENT,5226.15925925926,4222.026086956523
56.0,M,classic,0,0,N,3072.1,LEASING,32903.55531914892,28197.79565217392
30.0,F,classic,0,0,N,5500,HOUSEHOLD PAYMENT,21715.56511627906,21122.760975609744
18.0,M,junior,0,0,N,7241,HOUSEHOLD PAYMENT,13206.010000000002,11261.07142857143
48.0,F,classic,0,0,N,4227,HOUSEHOLD PAYMENT,26027.59166666666,24240.718181818174
56.0,M,classic,0,0,N,1248.5,LEASING,54736.82884615385,50613.34901960788
20.0,F,junior,0,0,N,3711,HOUSEHOLD PAYMENT,22694.33703703704,20831.90399999999
35.0,F,classic,0,0,N,5350,HOUSEHOLD PAYMENT,23415.176190476195,21293.105263157893
57.0,M,gold,0,0,N,3069,HOUSEHOLD PAYMENT,20569.55483870968,20460.655172413786
22.0,F,junior,0,0,N,8279,HOUSEHOLD PAYMENT,26317.044444444433,25903.62816901411
42.0,F,classic,0,0,N,9510,HOUSEHOLD PAYMENT,25344.810144927542,24895.358823529434
57.0,F,classic,0,0,N,2362,HOUSEHOLD PAYMENT,22475.776470588233,21202.539393939383
53.0,M,classic,0,0,N,3521,HOUSEHOLD PAYMENT,18461.493333333336,16849.338461538464
50.0,F,classic,0,0,N,3869,HOUSEHOLD PAYMENT,24949.282258064508,24217.731147540995
54.0,F,classic,0,0,N,314,HOUSEHOLD PAYMENT,16447.11612903226,16005.332203389817
63.0,M,classic,0,0,N,6955,HOUSEHOLD PAYMENT,26590.3,23511.04
48.0,F,classic,0,0,N,6035,HOUSEHOLD PAYMENT,12594.511111111113,10847.224000000004
58.0,F,classic,0,0,N,8957,HOUSEHOLD PAYMENT,40990.900000000016,33164.62702702702
62.0,M,classic,0,0,N,7012,HOUSEHOLD PAYMENT,19034.273015873023,18465.773770491793
59.0,F,classic,0,0,N,4806,HOUSEHOLD PAYMENT,16692.905882352938,15605.496969696955
27.0,F,classic,0,0,N,5948,HOUSEHOLD PAYMENT,15141.975862068964,13708.881481481481
48.0,F,classic,0,0,N,3224.5,LEASING,34811.97857142857,32625.927272727295
38.0,F,classic,41856,48,C,1926,HOUSEHOLD PAYMENT,19448.95625,18413.95483870967
36.0,F,classic,0,0,N,2520.1,LEASING,50220.04150943395,44592.88461538465
21.0,F,classic,0,0,N,3006,HOUSEHOLD PAYMENT,19279.55,17627.487500000003
23.0,M,junior,0,0,N,4534,HOUSEHOLD PAYMENT,17042.555357142857,16649.492592592578
33.0,M,classic,0,0,N,4125.2,LEASING,43909.54722222223,41028.62857142857
38.0,F,classic,0,0,N,4609.6,LEASING,50220.33913043478,44913.73529411765
21.0,F,classic,0,0,N,4556,LEASING,37551.56111111111,38666.187499999985
49.0,M,classic,51408,24,A,2142,LOAN PAYMENT,41360.17580645161,34898.760000000046
50.0,F,classic,100128,24,C,4172,LOAN PAYMENT,39642.88787878787,36036.7
28.0,M,classic,0,0,N,3710,HOUSEHOLD PAYMENT,26550.975757575754,26373.446875000023
56.0,F,classic,327660,60,C,5461.3,LOAN PAYMENT,35128.17916666667,31793.154545454538
27.0,F,classic,0,0,N,2542,LEASING,47105.69565217393,40450.29999999998
52.0,F,gold,90156,12,A,7512.7,LOAN PAYMENT,50489.96176470589,41632.60000000001
48.0,M,classic,0,0,N,4788.3,LEASING,39616.01343283582,33132.306060606104
31.0,F,classic,73836,36,A,2051,LOAN PAYMENT,30904.27555555555,26899.685714285704
27.0,F,classic,192744,36,A,5353.5,LOAN PAYMENT,35573.564179104505,30176.95384615388
28.0,M,classic,321240,60,C,5353.5,LOAN PAYMENT,40412.814285714296,35331.611111111095
23.0,M,junior,135360,48,C,2819.8,LOAN PAYMENT,41320.71666666667,35594.678260869536
30.0,F,classic,0,0,N,2156,LOAN PAYMENT,24346.984210526316,21458.11111111111
54.0,F,classic,81144,36,C,2253.5,LOAN PAYMENT,56128.93529411763,51225.54285714285
25.0,F,classic,20220,12,A,1684.8,LOAN PAYMENT,37474.622641509435,33320.94400000002
51.0,M,classic,64656,48,C,4065,HOUSEHOLD PAYMENT,14881.096774193547,14110.24137931034
23.0,M,classic,66696,24,C,2778.7,LOAN PAYMENT,56345.69375,59438.54285714286
47.0,M,classic,87528,24,C,3647,LOAN PAYMENT,23664.46,20833.217391304348
43.0,F,classic,97176,24,C,4049,LOAN PAYMENT,48635.729629629626,41455.21538461537
45.0,M,classic,204780,60,C,3413,LOAN PAYMENT,53479.486956521745,46901.8909090909
19.0,F,junior,76080,12,A,6340.3,LOAN PAYMENT,40769.894117647054,33398.07272727272
63.0,M,classic,117024,24,A,4875.8,LOAN PAYMENT,32233.656716417903,27474.39090909094
54.0,F,gold,289920,48,C,6039.8,LOAN PAYMENT,39527.933333333334,35032.43846153847
40.0,F,classic,165168,36,C,4588.5,LOAN PAYMENT,32195.74285714285,27895.732352941162
58.0,F,classic,323472,48,A,6738.7,LOAN PAYMENT,33842.05074626867,30991.42580645164
55.0,M,classic,57060,12,C,4755,LOAN PAYMENT,39495.731999999996,36476.791666666664
53.0,F,classic,58764,12,C,4897,LOAN PAYMENT,24193.4947368421,23751.506666666664
42.0,M,classic,79824,12,A,6652.5,LOAN PAYMENT,45115.22631578948,45203.055555555555
62.0,M,classic,320976,48,D,6687,LOAN PAYMENT,50273.10243902437,39846.78500000002
49.0,F,classic,14628,12,A,2,HOUSEHOLD PAYMENT,17391.6803030303,16593.347692307678
20.0,F,junior,174744,24,B,7281.3,LOAN PAYMENT,32044.324637681144,29426.49275362322
44.0,M,classic,349392,48,C,7279.3,LOAN PAYMENT,50929.7918918919,47217.891666666656
39.0,F,classic,0,0,N,2908.2,LEASING,38207.363636363654,30109.477419354826
36.0,M,classic,44376,12,A,3697.8,LOAN PAYMENT,52742.57142857143,44949.82941176471
54.0,M,classic,177504,48,C,3697.8,LOAN PAYMENT,34827.12000000001,28689.120000000006
19.0,M,junior,83016,12,A,6918.3,LOAN PAYMENT,37394.9718309859,33555.68285714289
41.0,M,gold,65184,12,A,5432.3,LOAN PAYMENT,36399.977777777785,27862.692957746516
54.0,F,classic,78720,48,C,4685,HOUSEHOLD PAYMENT,23930.15263157895,21790.8
36.0,M,classic,141240,24,A,5885.3,LOAN PAYMENT,38754.15000000001,32979.469841269885
28.0,F,gold,28248,24,A,1177,LOAN PAYMENT,22003.004615384616,21499.196825396826
23.0,M,classic,321360,60,C,5356,LOAN PAYMENT,40797.79655172415,30902.707142857133
40.0,M,classic,59760,24,A,7847,HOUSEHOLD PAYMENT,24961.403278688522,23810.30508474577
56.0,F,classic,247920,48,C,5165.2,LOAN PAYMENT,51861.72307692308,46259.80000000001
61.0,M,classic,87360,24,C,3639.5,LOAN PAYMENT,43657.042307692296,37311.07599999999
36.0,M,classic,87360,24,A,3639.5,LOAN PAYMENT,27723.666666666668,21888.70153846154
45.0,M,classic,79920,60,C,586,HOUSEHOLD PAYMENT,26395.527419354832,25742.97704918034
52.0,M,gold,17508,12,A,1459,LOAN PAYMENT,13234.209230769235,12338.812499999987
23.0,F,classic,150912,36,C,4192.5,LOAN PAYMENT,33272.63999999999,24364.110344827575
34.0,F,classic,38496,12,C,3207.8,LOAN PAYMENT,13069.637500000003,12084.414285714285
33.0,M,classic,76992,24,C,3207.8,LOAN PAYMENT,36375.24,25424.658333333344
20.0,F,junior,390660,60,C,6510.7,LOAN PAYMENT,62859.914814814816,58570.269230769256
31.0,M,classic,100260,60,C,1671,LOAN PAYMENT,25209.75121951219,25405.435294117633
20.0,M,junior,0,0,N,2428.9,LEASING,26450.82741935484,19492.12622950819
19.0,M,junior,0,0,N,2391.5,LEASING,35729.31162790698,31909.66315789473
19.0,M,junior,194880,48,C,4059.5,LOAN PAYMENT,27036.91090909091,23167.898148148142
38.0,F,classic,25944,24,A,1081,LOAN PAYMENT,26502.95,26264.603225806473
32.0,F,classic,475680,48,C,8561,HOUSEHOLD PAYMENT,26391.977777777774,25134.176923076913
55.0,M,classic,288720,48,C,6015.3,LOAN PAYMENT,37777.708,32548.033333333344
19.0,F,junior,495180,60,C,8253.2,LOAN PAYMENT,51385.99999999999,47728.84285714285
57.0,F,classic,49488,24,C,2062,LOAN PAYMENT,25058.287500000002,10261.185714285715
52.0,M,classic,0,0,N,2279.9,LEASING,31943.623076923082,30654.59729729729
28.0,F,classic,320592,48,C,6678.7,LOAN PAYMENT,42897.00638297872,39231.26739130437
20.0,M,junior,390096,48,C,9397,HOUSEHOLD PAYMENT,26426.703448275854,24497.421428571422
51.0,F,classic,45456,12,C,3788.3,LOAN PAYMENT,25586.266666666674,20188.7
48.0,F,classic,140064,24,C,5836,LOAN PAYMENT,46870.020000000004,36801.31034482759
56.0,F,classic,77544,36,C,2153.8,LOAN PAYMENT,40093.09999999999,36801.56666666667
30.0,F,classic,51696,24,A,2153.8,LOAN PAYMENT,45117.78028169014,40640.540000000045
53.0,M,gold,372120,60,C,6202,LOAN PAYMENT,52817.252083333355,48238.800000000054
46.0,F,gold,72120,12,A,6010.2,LOAN PAYMENT,38960.30000000001,31677.920000000024
44.0,M,classic,21852,36,A,8400,HOUSEHOLD PAYMENT,20205.12888888888,19043.358139534874
29.0,M,classic,153144,36,C,4253.7,LOAN PAYMENT,44457.33939393941,36382.55757575758
34.0,M,classic,42900,12,A,3575,LOAN PAYMENT,46613.38500000001,42051.528205128234
56.0,M,classic,128268,36,C,3563,LOAN PAYMENT,25290.563636363637,24194.079999999994
31.0,F,classic,35856,24,C,5215,HOUSEHOLD PAYMENT,23556.45172413793,22439.066666666655
26.0,M,classic,93600,24,A,3900.5,LOAN PAYMENT,26575.10540540541,25178.194444444434
57.0,M,classic,140400,36,A,3900.5,LOAN PAYMENT,45262.807936507925,39230.74838709681
30.0,F,classic,155880,24,A,6494.8,LOAN PAYMENT,48083.14901960784,44411.60833333331
33.0,M,classic,74736,36,A,6184,HOUSEHOLD PAYMENT,22174.665671641782,21625.009090909098
22.0,F,junior,80340,12,A,6695,LOAN PAYMENT,44078.578787878796,36822.12500000004
33.0,F,classic,0,0,N,1280,LEASING,45837.1523076923,37590.177049180325
22.0,M,junior,224604,36,A,6239.2,LOAN PAYMENT,43887.00571428571,37928.19710144932
19.0,M,junior,247728,48,C,5161.2,LOAN PAYMENT,31729.56829268293,29340.219999999972
43.0,F,classic,85860,60,C,4403,HOUSEHOLD PAYMENT,13411.340000000002,12416.271698113196
46.0,F,classic,174048,48,C,3626,LOAN PAYMENT,40710.5,35318.994444444455
53.0,F,classic,173016,36,C,4806.5,LOAN PAYMENT,40949.552380952395,35941.7875
27.0,M,classic,47304,24,A,1970.8,LOAN PAYMENT,51291.140322580664,48042.124590163934
18.0,F,junior,0,0,N,1562.1,LEASING,33080.073437500025,27301.104918032834
51.0,M,classic,186300,60,C,3104.7,LOAN PAYMENT,54124.60555555555,44912.68857142854
45.0,M,classic,189300,60,C,1311,HOUSEHOLD PAYMENT,20629.997014925364,20355.716923076925
57.0,F,classic,83280,48,C,1735,LOAN PAYMENT,17160.544186046514,16166.224390243893
18.0,F,junior,39576,12,A,3298.3,LOAN PAYMENT,39977.15915492955,37211.098571428614
39.0,F,classic,52128,24,A,2172,LOAN PAYMENT,25020.881250000002,21981.461904761913
32.0,F,classic,99936,24,C,4164,LOAN PAYMENT,35385.3525,33882.984210526316
58.0,F,classic,86184,12,A,7182.5,LOAN PAYMENT,47215.47941176471,38441.224242424236
18.0,M,junior,225504,48,C,4698,LOAN PAYMENT,47897.6827586207,44619.892857142855
49.0,M,classic,341280,60,C,5688,LOAN PAYMENT,39317.552777777775,37279.25714285714
55.0,M,classic,133968,48,C,2791,LOAN PAYMENT,48730.6894736842,39311.66486486487
26.0,F,gold,96168,12,A,8013.7,LOAN PAYMENT,38947.52083333334,31396.536956521733
34.0,F,classic,300600,60,C,5010.5,LOAN PAYMENT,32244.549999999992,25359.639285714275
18.0,M,junior,331560,60,C,5887,HOUSEHOLD PAYMENT,24077.660000000003,23481.688888888897
54.0,F,classic,218064,48,C,4542.7,LOAN PAYMENT,29622.864999999998,23849.83157894736
52.0,F,classic,311232,48,C,6483.7,LOAN PAYMENT,63006.682352941185,54699.79687500001
28.0,F,classic,167100,60,C,2784.8,LOAN PAYMENT,39269.963235294104,35335.77910447758
43.0,M,classic,113436,36,C,3151.3,LOAN PAYMENT,75197.18124999998,70169.58
36.0,F,classic,348120,60,C,5802.3,LOAN PAYMENT,38565.25999999999,27779.983333333348
45.0,M,classic,421008,48,C,9902,HOUSEHOLD PAYMENT,24950.052777777786,24132.79411764705
58.0,F,classic,86880,12,A,7240,LOAN PAYMENT,45702.161290322576,42161.49999999999
29.0,M,classic,194280,60,C,2171,HOUSEHOLD PAYMENT,25791.856000000007,24769.058333333323
34.0,M,gold,123408,24,A,5142,LOAN PAYMENT,32346.768421052642,28461.297297297297
45.0,M,gold,151560,24,A,6315,LOAN PAYMENT,41190.39032258065,35147.23934426233
43.0,M,classic,23412,12,C,3234,HOUSEHOLD PAYMENT,25740.084375,24067.696774193537
28.0,M,gold,417600,60,C,6959.8,LOAN PAYMENT,30297.19230769231,27899.86486486489
33.0,M,classic,249792,48,C,5204.2,LOAN PAYMENT,36275.514285714286,25642.16923076923
19.0,F,junior,269964,36,C,7498.7,LOAN PAYMENT,49033.63888888889,39789.647058823524
48.0,M,gold,196224,48,C,4088,LOAN PAYMENT,51642.17500000001,51037.10666666667
22.0,M,classic,260028,36,A,7223.2,LOAN PAYMENT,46689.18852459019,42202.8
36.0,F,classic,197808,24,C,8241.8,LOAN PAYMENT,52208.005000000005,50509.54736842107
61.0,M,classic,115992,36,A,3221.5,LOAN PAYMENT,37292.82753623191,34381.606060606064
40.0,M,classic,57120,48,C,2939,HOUSEHOLD PAYMENT,11337.31923076923,10010.130434782612
38.0,M,classic,18720,60,C,312,LOAN PAYMENT,13851.956666666667,13300.085714285711
20.0,M,junior,274740,60,A,4579,LOAN PAYMENT,45502.92676056337,38346.62857142857
24.0,M,classic,217152,36,A,6031.8,LOAN PAYMENT,38744.706249999996,34776.7234042553
28.0,M,classic,98304,12,A,8191.5,LOAN PAYMENT,54521.68421052632,46953.50810810813
35.0,M,classic,89880,24,A,3744.7,LOAN PAYMENT,66190.34634146343,63267.069999999985
22.0,F,classic,44940,12,A,3744.7,LOAN PAYMENT,38894.95217391304,30070.30476190477
18.0,F,junior,392460,60,C,6541.2,LOAN PAYMENT,43072.371999999996,39800.097959183695
30.0,M,classic,54024,12,A,4502.3,LOAN PAYMENT,29640.023529411763,27586.494117647075
22.0,F,junior,0,0,N,0,N,8461.165789473685,6178.0514285714335
33.0,M,classic,0,0,N,0,N,18920.705263157888,18971.258181818164
35.0,M,gold,0,0,N,0,N,44006.64897959183,41090.57446808514
56.0,F,classic,0,0,N,0,N,25088.026415094337,25877.63399999999
54.0,F,gold,0,0,N,0,N,46525.15070422538,41258.89275362323
40.0,F,classic,0,0,N,0,N,43696.065384615395,33679.5304347826
22.0,M,junior,0,0,N,0,N,13034.84153846154,12326.371428571412
37.0,F,classic,0,0,N,0,N,26488.834615384618,18271.679999999993
48.0,F,classic,0,0,N,0,N,31146.055555555573,22989.407936507934
20.0,F,junior,0,0,N,0,N,29763.688405797104,28704.964516129032
25.0,F,classic,0,0,N,0,N,36145.85806451614,27425.17575757575
51.0,M,classic,0,0,N,0,N,48703.548275862064,43852.41428571429
22.0,M,classic,0,0,N,0,N,38710.55185185185,36156.26399999999
16.0,M,junior,0,0,N,0,N,6378.3511627907,5539.252380952386
20.0,F,junior,0,0,N,0,N,34616.99516129031,30365.0237288136
17.0,F,junior,0,0,N,0,N,6537.455555555553,6196.523529411769
58.0,M,classic,0,0,N,0,N,52017.271428571425,40859.63076923076
28.0,M,classic,0,0,N,0,N,21025.733333333337,20089.734693877534
19.0,F,junior,0,0,N,0,N,28421.91132075473,23832.426923076913
63.0,M,classic,0,0,N,0,N,25700.563043478258,25040.545454545438
39.0,F,classic,0,0,N,0,N,21171.39615384615,20270.031372549
38.0,M,classic,0,0,N,0,N,44319.336923076924,33191.219047619095
20.0,M,junior,0,0,N,0,N,2345.742857142856,1233.3333333333333
56.0,F,classic,0,0,N,0,N,9026.627272727274,10938.200000000003
49.0,M,classic,0,0,N,0,N,20788.75777777778,20320.683720930218
32.0,F,classic,0,0,N,0,N,18049.65352112676,17737.811594202896
59.0,M,gold,0,0,N,0,N,20169.1,18995.699999999986
20.0,M,junior,0,0,N,0,N,8045.2316666666675,7071.979661016934
20.0,M,junior,0,0,N,0,N,11262.180645161292,9635.507142857148
21.0,F,classic,0,0,N,0,N,5841.42380952381,4491.5666666666675
49.0,F,classic,0,0,N,0,N,19736.83384615385,19707.958730158723
22.0,F,junior,0,0,N,0,N,53821.859420289846,45800.29117647065
36.0,M,gold,0,0,N,0,N,44566.698529411784,36328.333333333336
21.0,M,classic,0,0,N,0,N,7983.924285714286,6878.561194029836
49.0,M,classic,0,0,N,0,N,20699.819148936167,19313.330434782594
30.0,M,classic,0,0,N,0,N,19238.809090909097,17822.393548387085
47.0,F,classic,0,0,N,0,N,52512.87746478873,44126.857142857145
45.0,F,classic,0,0,N,0,N,24589.462318840582,24500.59402985077
19.0,F,junior,0,0,N,0,N,4800.592105263157,5755.637037037038
37.0,F,classic,0,0,N,0,N,24088.68888888889,22831.023076923066
19.0,F,junior,0,0,N,0,N,22428.600000000002,17093.06666666667
35.0,F,classic,0,0,N,0,N,13107.278125000003,12496.47333333333
17.0,F,junior,0,0,N,0,N,6264.671830985914,5442.32647058823
29.0,M,classic,0,0,N,0,N,21705.468749999996,20963.858064516116
29.0,M,classic,0,0,N,0,N,20379.421311475402,19935.644067796602
30.0,F,classic,0,0,N,0,N,39870.59310344826,31947.421052631624
17.0,M,junior,0,0,N,0,N,7319.106250000003,6869.911111111111
35.0,M,gold,0,0,N,0,N,11622.047692307693,10278.752380952366
56.0,F,classic,0,0,N,0,N,39291.17037037037,38084.88076923076
55.0,F,classic,0,0,N,0,N,10817.946153846153,9510.220000000001
20.0,F,junior,0,0,N,0,N,7663.643396226417,6869.015999999992
23.0,F,classic,0,0,N,0,N,23307.94285714286,22997.122222222217
47.0,M,gold,0,0,N,0,N,40484.95357142856,32238.362962962947
20.0,F,junior,0,0,N,0,N,34712.630000000005,23495.78947368421
19.0,F,junior,0,0,N,0,N,7289.309677419354,7093.406896551729
20.0,M,junior,0,0,N,0,N,38517.48571428571,28482.120000000003
59.0,M,gold,0,0,N,0,N,26443.100000000002,24380.46153846154
47.0,M,gold,0,0,N,0,N,24714.85468749999,24708.496774193565
22.0,F,classic,0,0,N,0,N,41248.92058823529,45140
17.0,M,junior,0,0,N,0,N,8136.285294117647,5986.000000000005
29.0,F,classic,0,0,N,0,N,21475.698275862065,18959.985714285696
39.0,M,classic,0,0,N,0,N,16509.863636363636,15236.415094339607
16.0,F,junior,0,0,N,0,N,6441.095238095239,5939.56307692308
19.0,M,junior,0,0,N,0,N,22081.95172413793,15766.085714285698
34.0,F,classic,0,0,N,0,N,26837.093442622943,17134.48
53.0,M,classic,0,0,N,0,N,36934.696296296286,37919.29999999999
49.0,F,classic,0,0,N,0,N,19082.221875,18017.806666666656
23.0,M,gold,0,0,N,0,N,9693.544444444447,9661.538461538461
23.0,F,classic,0,0,N,0,N,50134.604166666664,43516.94166666665
35.0,F,classic,0,0,N,0,N,2098.7555555555555,1795.6521739130435
21.0,M,gold,0,0,N,0,N,26840.815789473687,25191.005405405387
60.0,M,classic,0,0,N,0,N,23059.10545454546,22845.19622641509
19.0,M,junior,0,0,N,0,N,8822.889655172414,8849.244444444448
58.0,F,classic,0,0,N,0,N,25376.724137931036,25249.474074074064
49.0,F,classic,0,0,N,0,N,19793.317142857148,19359.496969696957
30.0,M,classic,0,0,N,0,N,47282.545,50066.470588235294
52.0,F,classic,0,0,N,0,N,25314.428358208967,24898.31692307695
37.0,F,classic,0,0,N,0,N,10568.91111111111,9073.37307692307
29.0,M,gold,0,0,N,0,N,22777.37857142857,21602.090909090908
16.0,F,junior,0,0,N,0,N,6938.4701492537315,7450.441379310349
58.0,F,classic,0,0,N,0,N,6385.102380952382,5391.2871794871835
18.0,M,junior,0,0,N,0,N,12368.654901960781,12119.530612244886
59.0,M,classic,0,0,N,0,N,48899.896551724145,40621.07142857143
61.0,M,classic,0,0,N,0,N,32533.944999999996,28044.238095238095
37.0,M,classic,0,0,N,0,N,17793.622222222224,16652.653333333335
18.0,M,junior,0,0,N,0,N,21349.872972972975,21001.502857142845
17.0,M,junior,0,0,N,0,N,6701.393333333335,4571.16923076923
54.0,M,classic,0,0,N,0,N,34489.06527777779,27198.17323943662
45.0,M,classic,0,0,N,0,N,45195.62173913042,33298.309090909075
50.0,M,classic,0,0,N,0,N,18529.792156862746,17540.23673469386
16.0,F,junior,0,0,N,0,N,7599.006976744183,8382.705555555558
20.0,F,junior,0,0,N,0,N,8118.194736842109,8646.153846153846
22.0,F,classic,0,0,N,0,N,54046.77777777778,49194.80769230773
56.0,M,classic,0,0,N,0,N,17948.95277777778,16160.786206896546
16.0,F,junior,0,0,N,0,N,7886.737777777776,7235.190697674416
19.0,F,junior,0,0,N,0,N,49858.274999999994,43680.991304347815
16.0,F,junior,0,0,N,0,N,7256.600000000001,9563.784615384615
60.0,M,gold,0,0,N,0,N,41808.694117647065,32471.30606060605
29.0,M,classic,0,0,N,0,N,22633.123076923075,20725.61935483871
60.0,M,classic,0,0,N,0,N,24702.267567567567,22421.35555555554
47.0,F,classic,0,0,N,0,N,17311.467647058827,16275.73124999999
52.0,F,classic,0,0,N,0,N,20052.010714285716,19796.761538461527
55.0,M,classic,0,0,N,0,N,32926.868571428575,27589.352941176458
29.0,F,classic,0,0,N,0,N,20465.824999999997,20545.460465116263
16.0,F,junior,0,0,N,0,N,6593.178431372548,6297.396078431375
22.0,M,classic,0,0,N,0,N,7880.776470588237,7633.333333333333
42.0,F,classic,0,0,N,0,N,23187.249999999996,22227.149999999987
50.0,M,classic,0,0,N,0,N,25638.723880597012,19578.09230769231
44.0,F,classic,0,0,N,0,N,15041.686486486491,14621.502857142847
22.0,F,classic,0,0,N,0,N,7817.039473684212,6769.750000000005
58.0,F,classic,0,0,N,0,N,15080.763768115941,14393.050746268638
35.0,M,classic,0,0,N,0,N,51782.04848484848,43421.16923076929
37.0,F,classic,0,0,N,0,N,36997.207407407404,26343.684615384598
26.0,F,classic,0,0,N,0,N,40793.49999999997,35905.11071428575
24.0,M,classic,0,0,N,0,N,39515.65428571428,30214.41176470588
17.0,F,junior,0,0,N,0,N,6507.196721311478,5756.81132075472
20.0,M,junior,0,0,N,0,N,5192.410256410255,4337.435714285716
55.0,M,classic,0,0,N,0,N,52950.30909090909,45504.31250000003
27.0,F,classic,0,0,N,0,N,30205.26875,28097.333333333332
18.0,F,junior,0,0,N,0,N,8448.55806451613,7748.007142857147
22.0,F,junior,0,0,N,0,N,3857.0529411764687,3656.9812500000035
30.0,F,classic,0,0,N,0,N,22937.730188679252,21874.23921568626
18.0,F,junior,0,0,N,0,N,6640.77205882353,6292.146031746015
56.0,F,classic,0,0,N,0,N,13753.453333333335,12448.749999999996
31.0,M,classic,0,0,N,0,N,24302.523529411763,21310.95
18.0,M,junior,0,0,N,0,N,2517.805454545455,853.8461538461538
19.0,M,junior,0,0,N,0,N,42826.824,39228.83333333332
50.0,M,classic,0,0,N,0,N,13172.670731707318,11242.333333333323
53.0,M,classic,0,0,N,0,N,40815.700000000004,27040.876923076925
20.0,M,junior,0,0,N,0,N,12161.620833333336,10507.400000000003
16.0,F,junior,0,0,N,0,N,7008.718750000001,4871.169230769229
19.0,M,junior,0,0,N,0,N,36768.813636363644,28604.639534883736
55.0,M,classic,0,0,N,0,N,20807.47857142857,17694.283333333336
43.0,M,classic,0,0,N,0,N,21171.35,14630.714285714286
51.0,M,classic,0,0,N,0,N,12033.586440677966,11640.592982456126
18.0,M,junior,0,0,N,0,N,5590.822222222222,5010.485000000005
39.0,F,classic,0,0,N,0,N,21606.329629629632,20817.707692307675
18.0,F,junior,0,0,N,0,N,54721.69374999999,63079.09090909091
38.0,M,classic,0,0,N,0,N,56409.09090909094,52987.772307692365
50.0,M,classic,0,0,N,0,N,19694.00789473684,18757.42222222221
26.0,F,classic,0,0,N,0,N,25366.9723076923,25390.18095238097
22.0,F,junior,0,0,N,0,N,14146.392857142855,13485.588059701475
17.0,F,junior,0,0,N,0,N,7815.086956521743,7694.857142857147
24.0,F,classic,0,0,N,0,N,45867.28,37174.19999999998
39.0,F,classic,0,0,N,0,N,8010.481818181819,6485.140000000004
54.0,F,classic,0,0,N,0,N,51990.706666666665,54226.615384615376
23.0,F,classic,0,0,N,0,N,6916.75769230769,6157.741666666671
60.0,M,classic,0,0,N,0,N,25962.571874999994,25014.8258064516
16.0,M,junior,0,0,N,0,N,8492.208695652173,7313.649999999986
39.0,M,classic,0,0,N,0,N,42589.78928571427,37281.567272727305
19.0,M,junior,0,0,N,0,N,7483.516216216214,7271.733333333337
23.0,F,classic,0,0,N,0,N,6734.52962962963,6688.354545454545
19.0,F,junior,0,0,N,0,N,7160.421428571431,6687.914705882338
45.0,F,classic,0,0,N,0,N,31119.467241379305,28685.70566037738
21.0,M,junior,0,0,N,0,N,21658.568571428565,21035.090909090894
19.0,M,junior,0,0,N,0,N,6159.989655172414,4592.32307692308
25.0,M,classic,0,0,N,0,N,20203.53863636364,15058.809523809523
19.0,M,junior,0,0,N,0,N,5644.079411764706,6584.088
17.0,F,junior,0,0,N,0,N,6984.804999999998,5363.831578947372
16.0,M,junior,0,0,N,0,N,8909.607692307689,7508.019047619031
41.0,F,classic,0,0,N,0,N,26676.26949152542,25600.58275862071
55.0,F,gold,0,0,N,0,N,7518.200000000002,6759.733333333315
24.0,F,classic,0,0,N,0,N,33431.32121212122,27444.503076923127
35.0,M,classic,0,0,N,0,N,25679.51666666667,24733.765714285742
36.0,M,classic,0,0,N,0,N,44679.85,37591.39310344826
55.0,M,classic,0,0,N,0,N,12912.161764705881,11130.899999999994
48.0,M,classic,0,0,N,0,N,41835.09245283018,33097.69803921572
19.0,F,junior,0,0,N,0,N,5344.968181818184,3852.9411764705883
16.0,M,junior,0,0,N,0,N,7327.0590909090915,6519.014285714286
17.0,M,junior,0,0,N,0,N,6007.428571428571,6900
26.0,F,classic,0,0,N,0,N,28954.99375,19425.757142857146
18.0,M,junior,0,0,N,0,N,7694.32575757576,7332.106451612886
52.0,F,classic,0,0,N,0,N,12270.334042553193,11142.191111111099
35.0,M,gold,0,0,N,0,N,38013.20161290322,30877.213114754097
31.0,M,classic,0,0,N,0,N,33136.72368421053,28847.18461538463
24.0,F,junior,0,0,N,0,N,23673.22295081967,22576.96000000001
34.0,M,classic,0,0,N,0,N,22933.63529411765,21815.857142857123
49.0,F,classic,0,0,N,0,N,20304.86805555555,20214.05142857144
35.0,M,classic,0,0,N,0,N,48024.188405797126,38768.152941176515
31.0,M,classic,0,0,N,0,N,17059.12419354839,15938.626666666649
36.0,F,classic,0,0,N,0,N,14365.883333333333,9278.071111111098
22.0,F,junior,0,0,N,0,N,8096.772881355936,7095.922807017536
39.0,M,classic,0,0,N,0,N,22698.725,23950.18333333333
53.0,M,classic,0,0,N,0,N,5949.687301587302,5162.81833333333
54.0,M,classic,0,0,N,0,N,11571.293877551021,10221.876595744667
49.0,M,classic,0,0,N,0,N,32019.739999999998,31154.10769230769
39.0,M,classic,0,0,N,0,N,34486.34722222221,27304.77714285713
27.0,M,classic,0,0,N,0,N,27033.269811320748,24059.019607843136
47.0,F,classic,0,0,N,0,N,25495.374999999996,11881.881578947356
21.0,M,classic,0,0,N,0,N,8134.839999999999,9318.181818181818
